{"TestSuite":"","Date":0,"Player":{"Development":false,"ScreenWidth":0,"ScreenHeight":0,"ScreenRefreshRate":0,"Fullscreen":false,"Vsync":0,"AntiAliasing":0,"Batchmode":false,"RenderThreadingMode":"MultiThreaded","GpuSkinning":true,"Platform":"","ColorSpace":"","AnisotropicFiltering":"","BlendWeights":"","GraphicsApi":"","ScriptingBackend":"IL2CPP","AndroidTargetSdkVersion":"AndroidApiLevelAuto","AndroidBuildSystem":"Gradle","BuildTarget":"Android","StereoRenderingPath":"MultiPass"},"Hardware":{"OperatingSystem":"","DeviceModel":"","DeviceName":"","ProcessorType":"","ProcessorCount":0,"GraphicsDeviceName":"","SystemMemorySizeMB":0},"Editor":{"Version":"6000.0.38f1","Branch":"6000.0/staging","Changeset":"82314a941f2d","Date":1738778166},"Dependencies":["com.unity.ai.navigation@2.0.5","com.unity.collab-proxy@2.7.1","com.unity.ide.rider@3.0.31","com.unity.ide.visualstudio@2.0.22","com.unity.inputsystem@1.13.0","com.unity.multiplayer.center@1.0.0","com.unity.recorder@5.1.2","com.unity.render-pipelines.universal@17.0.3","com.unity.test-framework@1.4.6","com.unity.timeline@1.8.7","com.unity.toolchain.win-x86_64-linux-x86_64@2.0.10","com.unity.ugui@2.0.0","com.unity.visualscripting@1.9.5","com.unity.xr.hands@1.5.0","com.unity.xr.interaction.toolkit@3.0.7","com.unity.xr.management@4.5.1","com.unity.xr.openxr@1.14.1","com.unity.modules.accessibility@1.0.0","com.unity.modules.ai@1.0.0","com.unity.modules.androidjni@1.0.0","com.unity.modules.animation@1.0.0","com.unity.modules.assetbundle@1.0.0","com.unity.modules.audio@1.0.0","com.unity.modules.cloth@1.0.0","com.unity.modules.director@1.0.0","com.unity.modules.imageconversion@1.0.0","com.unity.modules.imgui@1.0.0","com.unity.modules.jsonserialize@1.0.0","com.unity.modules.particlesystem@1.0.0","com.unity.modules.physics@1.0.0","com.unity.modules.physics2d@1.0.0","com.unity.modules.screencapture@1.0.0","com.unity.modules.terrain@1.0.0","com.unity.modules.terrainphysics@1.0.0","com.unity.modules.tilemap@1.0.0","com.unity.modules.ui@1.0.0","com.unity.modules.uielements@1.0.0","com.unity.modules.umbra@1.0.0","com.unity.modules.unityanalytics@1.0.0","com.unity.modules.unitywebrequest@1.0.0","com.unity.modules.unitywebrequestassetbundle@1.0.0","com.unity.modules.unitywebrequestaudio@1.0.0","com.unity.modules.unitywebrequesttexture@1.0.0","com.unity.modules.unitywebrequestwww@1.0.0","com.unity.modules.vehicles@1.0.0","com.unity.modules.video@1.0.0","com.unity.modules.vr@1.0.0","com.unity.modules.wind@1.0.0","com.unity.modules.xr@1.0.0","com.unity.modules.subsystems@1.0.0","com.unity.modules.hierarchycore@1.0.0","com.unity.xr.core-utils@2.5.1","com.unity.xr.legacyinputhelpers@2.1.12","com.unity.mathematics@1.3.2","com.unity.sysroot@2.0.10","com.unity.sysroot.linux-x86_64@2.0.9","com.unity.ext.nunit@2.0.5","com.unity.render-pipelines.core@17.0.3","com.unity.shadergraph@17.0.3","com.unity.render-pipelines.universal-config@17.0.3","com.unity.collections@2.5.1","com.unity.bindings.openimageio@1.0.0","com.unity.searcher@4.9.2","com.unity.burst@1.8.19","com.unity.rendering.light-transport@1.0.1","com.unity.nuget.mono-cecil@1.11.4","com.unity.test-framework.performance@3.0.3"],"Results":[]}